<?xml version="1.0" encoding="utf-8" standalone="yes" ?>
<drysim>
	<info>
		<date>Fri Jun 15 14:19:42 2012</date>
		<simTitle>Generic Dryer for Python Class.</simTitle>
		<project>Modeling - DDO.</project>
		<author>Kenneth Olsen</author>
		<runModel>Vapor Resistance Model</runModel>
		<arrangement>Single Print Zone / Multiple Drying Sections (P D1D2D3D4...)</arrangement>
		<vaporFile>vapor.inp</vaporFile>
		<solventFile>solvent.inp</solventFile>
	</info>
	<Design>
		<printZones>1</printZones>
		<dryingSections>1</dryingSections>
		<initialWebTemp>20.000</initialWebTemp>
		<totalSolvents>1</totalSolvents>
	</Design>
	<Solvents>
		<solvent1>Water</solvent1>
		<solvent2></solvent2>
		<solvent3></solvent3>
	</Solvents>
	<PolymerSubstrateCoatingProperties>
		<densitySolid>1.000e+00</densitySolid>
		<substrateDensity>6.960e-01</substrateDensity>
		<soluteHeatCapacity>1.256e+00</soluteHeatCapacity>
		<substrateHeatCapacity>1.900e+00</substrateHeatCapacity>
		<substrateThickness>1.100e-04</substrateThickness>
		<wetWeightCoating>1.330e-03</wetWeightCoating>
		<solidWeightFraction>2.130e-01</solidWeightFraction>
	</PolymerSubstrateCoatingProperties>
	<Solvent1Properties>
		<heatCapSolvent1>4.187e+00</heatCapSolvent1>
		<htcSolvent1>4.139e-01</htcSolvent1>
		<heatVapSolvent1>2.435e+03</heatVapSolvent1>
		<mmSolvent1>1.800e+01</mmSolvent1>
		<specificGravitySolvent1>1.000e+00</specificGravitySolvent1>
		<ASolvent1>8.100e+00</ASolvent1>
		<BSolvent1>1.761e+03</BSolvent1>
		<CSolvent1>2.365e+02</CSolvent1>
		<wtFractionSolvent1>0.787</wtFractionSolvent1>
		<FH1>0.350</FH1>
	</Solvent1Properties>
	<Solvent2Properties>
		<heatCapSolvent2></heatCapSolvent2>
		<htcSolvent2></htcSolvent2>
		<vapSolvent2></vapSolvent2>
		<mmSolvent2></mmSolvent2>
		<specificGravitySolvent2></specificGravitySolvent2>
		<ASolvent2></ASolvent2>
		<BSolvent2></BSolvent2>
		<CSolvent2></CSolvent2>
		<wtFractionSolvent2></wtFractionSolvent2>
		<FH2></FH2>
	</Solvent2Properties>
	<Solvent3Properties>
		<heatCapSolvent3></heatCapSolvent3>
		<htcSolvent3></htcSolvent3>
		<vapSolvent3></vapSolvent3>
		<mmSolvent3></mmSolvent3>
		<specificGravitySolvent3></specificGravitySolvent3>
		<ASolvent3></ASolvent3>
		<BSolvent3></BSolvent3>
		<CSolvent3></CSolvent3>
		<wtFractionSolvent3></wtFractionSolvent3>
		<FH3></FH3>
	</Solvent3Properties>
	<PrintZone1>
		<webSpeed>101.595</webSpeed>
		<coatedWidthWeb>40.640</coatedWidthWeb>
		<maxDryingRate>-1</maxDryingRate>
		<wetWeightCoating>1.330e-03</wetWeightCoating>
	</PrintZone1>
	<PrintZone2>
		<webSpeed>203.333</webSpeed>
		<coatedWidthWeb>67.000</coatedWidthWeb>
		<maxDryingRate>-1</maxDryingRate>
		<wetWeightCoating>4.000e-04</wetWeightCoating>
	</PrintZone2>
	<PrintZone3>
		<webSpeed>0.333</webSpeed>
		<coatedWidthWeb>320.000</coatedWidthWeb>
		<maxDryingRate>-1</maxDryingRate>
		<wetWeightCoating>1.900e-03</wetWeightCoating>
	</PrintZone3>
	<PrintZone4>
		<webSpeed>0.333</webSpeed>
		<coatedWidthWeb>320.000</coatedWidthWeb>
		<maxDryingRate>-1</maxDryingRate>
		<wetWeightCoating>1.900e-03</wetWeightCoating>
	</PrintZone4>
	<PrintZone5>
		<webSpeed>0.333</webSpeed>
		<coatedWidthWeb>320.000</coatedWidthWeb>
		<maxDryingRate>-1</maxDryingRate>
		<wetWeightCoating>1.900e-03</wetWeightCoating>
	</PrintZone5>
	<PrintZone6>
		<webSpeed>0.333</webSpeed>
		<coatedWidthWeb>320.000</coatedWidthWeb>
		<maxDryingRate>-1</maxDryingRate>
		<wetWeightCoating>1.900e-03</wetWeightCoating>
	</PrintZone6>
	<PrintZone7>
		<webSpeed>0.333</webSpeed>
		<coatedWidthWeb>320.000</coatedWidthWeb>
		<maxDryingRate>-1</maxDryingRate>
		<wetWeightCoating>1.900e-03</wetWeightCoating>
	</PrintZone7>
	<PrintZone8>
		<webSpeed>0.333</webSpeed>
		<coatedWidthWeb>320.000</coatedWidthWeb>
		<maxDryingRate>-1</maxDryingRate>
		<wetWeightCoating>1.900e-03</wetWeightCoating>
	</PrintZone8>
	<Zone1>
		<wallTempZ1>195.000</wallTempZ1>
			<radiationAbsZ1>0.000</radiationAbsZ1>
			<solventATMZ11>1.202e-02</solventATMZ11>
			<solventATMZ12></solventATMZ12>
			<solventATMZ13></solventATMZ13>
			<timeStepZ1>0.000e+00</timeStepZ1>
			<distanceZ1>2.286</distanceZ1>
			<zoneLengthZ1>228.589</zoneLengthZ1>
			<topAirZ1>148.900</topAirZ1>
			<backAirZ1>93.330</backAirZ1>
			<topHTCZ1>2.514e-04</topHTCZ1>
			<backHTCZ1>2.672e-04</backHTCZ1>
			<topAirVel1>0</topAirVel1>
			<bottomAirVel1>0</bottomAirVel1>
	</Zone1>
	<Zone2>
		<wallTempZ2></wallTempZ2>
			<radiationAbsZ2></radiationAbsZ2>
			<solventATMZ21></solventATMZ21>
			<solventATMZ22></solventATMZ22>
			<solventATMZ23></solventATMZ23>
			<timeStepZ2></timeStepZ2>
			<distanceZ2></distanceZ2>
			<zoneLengthZ2></zoneLengthZ2>
			<topAirZ2></topAirZ2>
			<backAirZ2></backAirZ2>
			<topHTCZ2></topHTCZ2>
			<backHTCZ2></backHTCZ2>
			<topAirVel2></topAirVel2>
			<bottomAirVel2></bottomAirVel2>
	</Zone2>
	<Zone3>
		<wallTempZ3></wallTempZ3>
			<radiationAbsZ3></radiationAbsZ3>
			<solventATMZ31></solventATMZ31>
			<solventATMZ32></solventATMZ32>
			<solventATMZ33></solventATMZ33>
			<timeStepZ3></timeStepZ3>
			<distanceZ3></distanceZ3>
			<zoneLengthZ3></zoneLengthZ3>
			<topAirZ3></topAirZ3>
			<backAirZ3></backAirZ3>
			<topHTCZ3></topHTCZ3>
			<backHTCZ3></backHTCZ3>
			<topAirVel3></topAirVel3>
			<bottomAirVel3></bottomAirVel3>
	</Zone3>
	<Zone4>
		<wallTempZ4></wallTempZ4>
			<radiationAbsZ4></radiationAbsZ4>
			<solventATMZ41></solventATMZ41>
			<solventATMZ42></solventATMZ42>
			<solventATMZ43></solventATMZ43>
			<timeStepZ4></timeStepZ4>
			<distanceZ4></distanceZ4>
			<zoneLengthZ4></zoneLengthZ4>
			<topAirZ4></topAirZ4>
			<backAirZ4></backAirZ4>
			<topHTCZ4></topHTCZ4>
			<backHTCZ4></backHTCZ4>
			<topAirVel4></topAirVel4>
			<bottomAirVel4></bottomAirVel4>
	</Zone4>
	<Zone5>
		<wallTempZ5></wallTempZ5>
			<radiationAbsZ5></radiationAbsZ5>
			<solventATMZ51></solventATMZ51>
			<solventATMZ52></solventATMZ52>
			<solventATMZ53></solventATMZ53>
			<timeStepZ5></timeStepZ5>
			<distanceZ5></distanceZ5>
			<zoneLengthZ5></zoneLengthZ5>
			<topAirZ5></topAirZ5>
			<backAirZ5></backAirZ5>
			<topHTCZ5></topHTCZ5>
			<backHTCZ5></backHTCZ5>
			<topAirVel5></topAirVel5>
			<bottomAirVel5></bottomAirVel5>
	</Zone5>
	<Zone6>
		<wallTempZ6></wallTempZ6>
			<radiationAbsZ6></radiationAbsZ6>
			<solventATMZ61></solventATMZ61>
			<solventATMZ62></solventATMZ62>
			<solventATMZ63></solventATMZ63>
			<timeStepZ6></timeStepZ6>
			<distanceZ6></distanceZ6>
			<zoneLengthZ6></zoneLengthZ6>
			<topAirZ6></topAirZ6>
			<backAirZ6></backAirZ6>
			<topHTCZ6></topHTCZ6>
			<backHTCZ6></backHTCZ6>
			<topAirVel6></topAirVel6>
			<bottomAirVel6></bottomAirVel6>
	</Zone6>
	<Zone7>
		<wallTempZ7></wallTempZ7>
			<radiationAbsZ7></radiationAbsZ7>
			<solventATMZ71></solventATMZ71>
			<solventATMZ72></solventATMZ72>
			<solventATMZ73></solventATMZ73>
			<timeStepZ7></timeStepZ7>
			<distanceZ7></distanceZ7>
			<zoneLengthZ7></zoneLengthZ7>
			<topAirZ7></topAirZ7>
			<backAirZ7></backAirZ7>
			<topHTCZ7></topHTCZ7>
			<backHTCZ7></backHTCZ7>
			<topAirVel7></topAirVel7>
			<bottomAirVel7></bottomAirVel7>
	</Zone7>
	<Zone8>
		<wallTempZ8></wallTempZ8>
			<radiationAbsZ8></radiationAbsZ8>
			<solventATMZ81></solventATMZ81>
			<solventATMZ82></solventATMZ82>
			<solventATMZ83></solventATMZ83>
			<timeStepZ8></timeStepZ8>
			<distanceZ8></distanceZ8>
			<zoneLengthZ8></zoneLengthZ8>
			<topAirZ8></topAirZ8>
			<backAirZ8></backAirZ8>
			<topHTCZ8></topHTCZ8>
			<backHTCZ8></backHTCZ8>
			<topAirVel8></topAirVel8>
			<bottomAirVel8></bottomAirVel8>
	</Zone8>
		<warnings>
			<mainError></mainError>
		</warnings>
	</drysim>
