<?xml version="1.0" encoding="utf-8"?>
<DrySimResults display="Simulation Data">
    <designData display="Design data">
        <simModel display="Drying model" info="Vapor or Combined Resistance Model">
            Vapor Resistance Model
        </simModel>
        <simMode display="Run mode" info="DME template or Upload custom files">
            DME template
        </simMode>
        <EOS display="Equation of state" info="Ideal, Non-ideal, or Flory-Huggins">
            Flory-Huggins
        </EOS>
        <substrate display="Media">
            Paper (generic)
        </substrate>
        <solute display="Solute">
            Pigment
        </solute>
        <soluteWeightFraction display="Solute weight fraction">
            0.21299999999999997
        </soluteWeightFraction>
        <numberOfPrintZones display="Number of print zones">
            1
        </numberOfPrintZones>
        <numberDryingSections display="Number of drying sections">
            1
        </numberDryingSections>
        <numberSolvents display="Number of solvents">
            1
        </numberSolvents>
        <solventName1 display="Solvent 1 name">
            Water
        </solventName1>
        <solvent1WeightFraction display="Solvent 1 weight fraction">
            0.787
        </solvent1WeightFraction>
        <arrangement display="Printer arrangement" info="Single/Multiple print zones and Multiple or Unique drying sections">
            Single Print Zone
        </arrangement>
    </designData>
    <printZoneData display="Print zone data">
        <printZone1 display="Print zone 1">
            <totalWetWeightCoating display="Ink loading GSM" units="g/m^2">
                13.3
            </totalWetWeightCoating>
            <webSpeed display="Media speed" units="m/s">
                1.0159504216194248
            </webSpeed>
            <coatedWebWidth display="Printed width of the media" units="m">
                0.40640081280162565
            </coatedWebWidth>
        </printZone1>
    </printZoneData>
    <dryerZoneData display="Dryer zone data">
        <dryerZone1 display="Dryer zone 1">
            <topsideAirTemperature display="Topside air temperature" units="C">
                -3.8888888888888573
            </topsideAirTemperature>
            <bottomsideAirTemperature display="Bottomside air temperature" units="C">
                93.33333333333337
            </bottomsideAirTemperature>
            <relativeHumidityFactor display="Relative humidity" units="%">
                50.0
            </relativeHumidityFactor>
            <dryerLength display="Dryer length" units="m">
                2.285888448643706
            </dryerLength>
            <topsideAirFlow display="Topside airflow rate" units="m^3/s">
                0.006185420370840743
            </topsideAirFlow>
            <bottomsideAirFlow display="Bottomside airflow rate" units="m^3/s">
                0.006185420370840743
            </bottomsideAirFlow>
            <topsideAirHeatCapacity display="Topside air heat capacity" units="J/kg-K">
                1010.0673910150169
            </topsideAirHeatCapacity>
            <topsideAirThermalCond display="Topside thermal conductivity" units="W/m-K">
                0.02422917777777778
            </topsideAirThermalCond>
            <topsideAirVelocity display="Topside air velocity" units="m/s">
                0.1
            </topsideAirVelocity>
            <bottomsideAirVelocity display="Bottom side air velocity" units="m/s">
                0.1
            </bottomsideAirVelocity>
            <topsideConvectiveHTCoeff display="Topside HTC" info="Heat transfer coefficient" units="J/m^2-s-C">
                12.623572146341616
            </topsideConvectiveHTCoeff>
            <topsideConvectiveMTCoeff1 display="Topside MTC solvent 1" info="Mass transfer coefficient" units="m/s">
                0.009938689028152986
            </topsideConvectiveMTCoeff1>
            <bottomsideAirHeatCapacity display="Bottomside air heat capacity" units="J/kg-K">
                1014.1586055201129
            </bottomsideAirHeatCapacity>
            <bottomsideAirThermalCond display="Bottomside thermal conductivity" units="W/m-K">
                0.031034733333333335
            </bottomsideAirThermalCond>
            <bottomsideConvectiveHTCoeff display="Bottomside HTC" info="Heat transfer coefficient" units="J/m^2-s-C">
                11.18589891799956
            </bottomsideConvectiveHTCoeff>
        </dryerZone1>
    </dryerZoneData>
    <simResults display="Simulation results">
        <topsideTotalAirflow display="Topside total airflow" units="m^3/s">
            0.006185420370840743
        </topsideTotalAirflow>
        <bottomsideTotalAirflow display="Bottomside total airflow" units="m^3/s">
            0.006185420370840743
        </bottomsideTotalAirflow>
        <distance display="Dryer length" info="Final distance from vapor.csv" units="m">
            2.286
        </distance>
        <time display="Time" units="s">
            2.25
        </time>
        <temperature display="Exit temperature" info="Final (exit) temperature from vapor.csv" units="C">
            22.53
        </temperature>
        <percentRemaining display="Solvent remaining pct" info="Final &quot;PERCENT REMAINING&quot; from vapor.csv" units="%">
            78.33
        </percentRemaining>
        <dryingRate display="End drying rate" info="Final &quot;RATE&quot; from vapor.csv" units="g/m^2-min">
            6.833
        </dryingRate>
        <solventRemaining1 display="Solvent 1 GSM remaining" info="Final &quot;SOLVENT REMAINING&quot; for Solvent 1 in vapor.csv" units="g/m^2">
            10.24
        </solventRemaining1>
        <solventRemainingTotal display="Total solvent GSM remaining" units="g/m^2">
            10.24
        </solventRemainingTotal>
        <WTOT display="Last section ink GSM" info="Total wet weight of ink/coating ing g/m^2 entering last section" units="g/m^2">
            0.1330E+002
        </WTOT>
        <overallDryingRate display="Overall drying rate" info="Drying rate from last secion." units="g/min">
            0.5574E+001
        </overallDryingRate>
        <solventRemoved1 display="Solvent 1 GSM removed" info="Calculated based on &quot;Last section ink GSM&quot; and Solvent 1 weight fraction" units="g/m^2">
            0.2271
        </solventRemoved1>
        <Power_total display="Power total" info="Total cumulative evaporative and sensible power from last entry in power.csv" units="W">
            39.1762883407
        </Power_total>
        <Power_ink_sensible display="Power ink sensible" info="Ink cumulative sensible power from last entry in power.csv" units="W">
            -43.7225174076
        </Power_ink_sensible>
        <Power_web_sensible display="Power web sensible" info="Web cumulative sensible power from last entry in power.csv" units="W">
            -148.347826976
        </Power_web_sensible>
        <Power_latent display="Power latent" info="Evap cumulative latent power from last entry in power.csv" units="W">
            231.246632724
        </Power_latent>
        <Power_solvent_1 display="Solvent 1 latent power" info="Solvent 1 cumulative latent power from last entry in power.csv" units="W">
            231.246632724
        </Power_solvent_1>
    </simResults>
</DrySimResults>
